variable,importance
years,0.1299610813833099
lives_abroad_yes,0.03781353163830278
work_region_attica,0.035898987257408574
work_region_rest_greece,0.03584568020873007
company_rank,0.008193125006511117
work_mode_office,0.006054393877184378
type_frontend,0.003072282547612617
lang_bash,0.002748791932026326
manager_yes,0.0022355902841333297
lang_javascript,0.0020909125628270206
work_mode_remote,0.002037455449777191
n_types,0.0012005681969761803
type_ai_ml,0.00112004136883474
lang_php,0.0010688998177316885
education_master,0.0010029459142265331
